{
  "champion": "logistic_regression",
  "metrics": {
    "logistic_regression": {
      "accuracy": 0.7704884805080737,
      "precision": 0.1185234899328859,
      "recall": 0.7954954954954955,
      "f1": 0.20630841121495327,
      "roc_auc": 0.8600781569158656
    },
    "random_forest": {
      "accuracy": 0.9624349706100939,
      "precision": 0.4375,
      "recall": 0.006306306306306306,
      "f1": 0.012433392539964476,
      "roc_auc": 0.8611740548635116
    }
  },
  "data_path": "data/training/endes_diabetes_features.parquet",
  "n_rows": 148010,
  "n_features": 19,
  "test_size": 0.2,
  "random_state": 42
}